{"cameraMode":{"drawMode":0,"name":"Shaded","section":"Shading Mode"},"sceneLighting":true,"audioPlay":false,"sceneViewState":{"showFog":true,"showMaterialUpdate":false,"showSkybox":true,"showFlares":true,"showImageEffects":true,"showParticleSystems":true},"in2DMode":false,"pivot":{"x":-0.13922089338302613,"y":1.5508440732955933,"z":-0.48996874690055849},"rotation":{"x":-0.15522444248199464,"y":0.04295562580227852,"z":0.006776707712560892,"w":0.9869489669799805},"size":4.21847677230835,"orthographic":false}